time,flight_id,event,gate,wait_time,task,duration
0.0,FL000,gate_queued,c8,,,
0.0,FL000,gate_start,c8,0.0,,
10.4,FL000,task_completed,,,WATER,
15.4,FL000,task_completed,,,FUEL,
20.4,FL000,task_completed,,,BAGGAGE_OUT,
25.4,FL000,task_completed,,,CLEAN,
25.4,FL000,task_completed,,,CATERING,
40.4,FL000,task_completed,,,BAGGAGE_IN,
40.4,FL000,task_completed,,,GPU,
40.4,FL000,gate_end,c8,,,40.4
51.0,FL001,gate_queued,c5,,,
51.0,FL001,gate_start,c5,0.0,,
61.3,FL001,task_completed,,,WATER,
66.3,FL001,task_completed,,,FUEL,
71.3,FL001,task_completed,,,BAGGAGE_OUT,
76.3,FL001,task_completed,,,CLEAN,
76.3,FL001,task_completed,,,CATERING,
91.3,FL001,task_completed,,,BAGGAGE_IN,
91.3,FL001,task_completed,,,GPU,
91.3,FL001,gate_end,c5,,,40.3
400.0,FL002,gate_queued,c9,,,
400.0,FL002,gate_start,c9,0.0,,
401.0,FL003,gate_queued,c6,,,
401.0,FL003,gate_start,c6,0.0,,
410.5,FL002,task_completed,,,WATER,
411.0,FL004,gate_queued,c11,,,
411.0,FL004,gate_start,c11,0.0,,
411.3,FL003,task_completed,,,WATER,
415.5,FL002,task_completed,,,FUEL,
416.3,FL003,task_completed,,,FUEL,
417.0,FL005,gate_queued,c7,,,
417.0,FL005,gate_start,c7,0.0,,
418.0,FL006,gate_queued,c5,,,
418.0,FL006,gate_start,c5,0.0,,
420.5,FL002,task_completed,,,BAGGAGE_OUT,
421.3,FL003,task_completed,,,BAGGAGE_OUT,
421.7,FL004,task_completed,,,WATER,
422.0,FL007,gate_queued,c4,,,
422.0,FL007,gate_start,c4,0.0,,
423.0,FL008,gate_queued,c3,,,
423.0,FL008,gate_start,c3,0.0,,
424.0,FL009,gate_queued,c10,,,
424.0,FL009,gate_start,c10,0.0,,
425.5,FL002,task_completed,,,CLEAN,
425.5,FL002,task_completed,,,CATERING,
426.3,FL003,task_completed,,,CLEAN,
426.3,FL003,task_completed,,,CATERING,
426.7,FL004,task_completed,,,FUEL,
427.3,FL005,task_completed,,,WATER,
428.3,FL006,task_completed,,,WATER,
431.7,FL004,task_completed,,,BAGGAGE_OUT,
432.3,FL005,task_completed,,,FUEL,
432.5,FL007,task_completed,,,WATER,
433.3,FL006,task_completed,,,FUEL,
433.5,FL008,task_completed,,,WATER,
436.7,FL004,task_completed,,,CLEAN,
436.7,FL004,task_completed,,,CATERING,
437.3,FL005,task_completed,,,BAGGAGE_OUT,
437.5,FL007,task_completed,,,FUEL,
438.20000000000084,FL009,task_completed,,,WATER,
438.3,FL006,task_completed,,,BAGGAGE_OUT,
438.5,FL008,task_completed,,,FUEL,
440.5,FL002,task_completed,,,BAGGAGE_IN,
440.5,FL002,task_completed,,,GPU,
440.5,FL002,gate_end,c9,,,40.5
441.3,FL003,task_completed,,,BAGGAGE_IN,
441.3,FL003,task_completed,,,GPU,
441.3,FL003,gate_end,c6,,,40.30000000000001
442.0,FL010,gate_queued,c9,,,
442.0,FL010,gate_start,c9,0.0,,
442.3,FL005,task_completed,,,CLEAN,
442.3,FL005,task_completed,,,CATERING,
442.5,FL007,task_completed,,,BAGGAGE_OUT,
443.0000000000008,FL009,task_completed,,,FUEL,
443.3,FL006,task_completed,,,CLEAN,
443.3,FL006,task_completed,,,CATERING,
443.5,FL008,task_completed,,,BAGGAGE_OUT,
447.5,FL007,task_completed,,,CLEAN,
447.5,FL007,task_completed,,,CATERING,
448.5,FL008,task_completed,,,CLEAN,
448.5,FL008,task_completed,,,CATERING,
449.6,FL009,task_completed,,,CLEAN,
449.6,FL009,task_completed,,,CATERING,
451.7,FL004,task_completed,,,BAGGAGE_IN,
451.7,FL004,task_completed,,,GPU,
451.7,FL004,gate_end,c11,,,40.69999999999999
452.5,FL010,task_completed,,,WATER,
453.00000000000193,FL009,task_completed,,,BAGGAGE_OUT,
457.3,FL005,task_completed,,,BAGGAGE_IN,
457.3,FL005,task_completed,,,GPU,
457.3,FL005,gate_end,c7,,,40.30000000000001
457.5,FL010,task_completed,,,FUEL,
458.3,FL006,task_completed,,,BAGGAGE_IN,
458.3,FL006,task_completed,,,GPU,
458.3,FL006,gate_end,c5,,,40.30000000000001
462.5,FL007,task_completed,,,BAGGAGE_IN,
462.5,FL010,task_completed,,,BAGGAGE_OUT,
462.5,FL007,task_completed,,,GPU,
462.5,FL007,gate_end,c4,,,40.5
463.5,FL008,task_completed,,,BAGGAGE_IN,
463.5,FL008,task_completed,,,GPU,
463.5,FL008,gate_end,c3,,,40.5
467.5,FL010,task_completed,,,CLEAN,
467.5,FL010,task_completed,,,CATERING,
469.0,FL011,gate_queued,c11,,,
469.0,FL011,gate_start,c11,0.0,,
473.00000000000193,FL009,task_completed,,,BAGGAGE_IN,
473.00000000000193,FL009,task_completed,,,GPU,
473.00000000000193,FL009,gate_end,c10,,,49.00000000000193
479.7,FL011,task_completed,,,WATER,
482.5,FL010,task_completed,,,BAGGAGE_IN,
482.5,FL010,task_completed,,,GPU,
482.5,FL010,gate_end,c9,,,40.5
484.7,FL011,task_completed,,,FUEL,
489.7,FL011,task_completed,,,BAGGAGE_OUT,
494.7,FL011,task_completed,,,CLEAN,
494.7,FL011,task_completed,,,CATERING,
496.0,FL012,gate_queued,c7,,,
496.0,FL012,gate_start,c7,0.0,,
506.3,FL012,task_completed,,,WATER,
509.7,FL011,task_completed,,,BAGGAGE_IN,
509.7,FL011,task_completed,,,GPU,
509.7,FL011,gate_end,c11,,,40.69999999999999
511.0,FL013,gate_queued,c5,,,
511.0,FL013,gate_start,c5,0.0,,
511.3,FL012,task_completed,,,FUEL,
516.3,FL012,task_completed,,,BAGGAGE_OUT,
519.0,FL014,gate_queued,c3,,,
519.0,FL014,gate_start,c3,0.0,,
521.3,FL012,task_completed,,,CLEAN,
521.3,FL012,task_completed,,,CATERING,
521.3,FL013,task_completed,,,WATER,
525.0,FL015,gate_queued,c10,,,
525.0,FL015,gate_start,c10,0.0,,
526.3,FL013,task_completed,,,FUEL,
529.5,FL014,task_completed,,,WATER,
531.0,FL016,gate_queued,c9,,,
531.0,FL016,gate_start,c9,0.0,,
531.3,FL013,task_completed,,,BAGGAGE_OUT,
534.5,FL014,task_completed,,,FUEL,
535.6,FL015,task_completed,,,WATER,
536.3,FL013,task_completed,,,CLEAN,
536.3,FL013,task_completed,,,CATERING,
536.3,FL012,task_completed,,,BAGGAGE_IN,
536.3,FL012,task_completed,,,GPU,
536.3,FL012,gate_end,c7,,,40.299999999999955
539.5,FL014,task_completed,,,BAGGAGE_OUT,
540.6,FL015,task_completed,,,FUEL,
541.5,FL016,task_completed,,,WATER,
544.5,FL014,task_completed,,,CLEAN,
544.5,FL014,task_completed,,,CATERING,
545.6,FL015,task_completed,,,BAGGAGE_OUT,
546.5,FL016,task_completed,,,FUEL,
548.0,FL017,gate_queued,c7,,,
548.0,FL017,gate_start,c7,0.0,,
549.0,FL018,gate_queued,c4,,,
549.0,FL018,gate_start,c4,0.0,,
550.6,FL015,task_completed,,,CLEAN,
550.6,FL015,task_completed,,,CATERING,
551.3,FL013,task_completed,,,BAGGAGE_IN,
551.3,FL013,task_completed,,,GPU,
551.3,FL013,gate_end,c5,,,40.299999999999955
551.5,FL016,task_completed,,,BAGGAGE_OUT,
553.0,FL019,gate_queued,c11,,,
553.0,FL019,gate_start,c11,0.0,,
556.5,FL016,task_completed,,,CLEAN,
556.5,FL016,task_completed,,,CATERING,
558.3,FL017,task_completed,,,WATER,
559.5,FL014,task_completed,,,BAGGAGE_IN,
559.5,FL018,task_completed,,,WATER,
559.5,FL014,task_completed,,,GPU,
559.5,FL014,gate_end,c3,,,40.5
563.3,FL017,task_completed,,,FUEL,
563.7,FL019,task_completed,,,WATER,
564.5,FL018,task_completed,,,FUEL,
565.6,FL015,task_completed,,,BAGGAGE_IN,
565.6,FL015,task_completed,,,GPU,
565.6,FL015,gate_end,c10,,,40.60000000000002
568.3,FL017,task_completed,,,BAGGAGE_OUT,
568.7,FL019,task_completed,,,FUEL,
569.5,FL018,task_completed,,,BAGGAGE_OUT,
571.5,FL016,task_completed,,,BAGGAGE_IN,
571.5,FL016,task_completed,,,GPU,
571.5,FL016,gate_end,c9,,,40.5
573.3,FL017,task_completed,,,CLEAN,
573.3,FL017,task_completed,,,CATERING,
573.7,FL019,task_completed,,,BAGGAGE_OUT,
574.5,FL018,task_completed,,,CLEAN,
574.5,FL018,task_completed,,,CATERING,
578.7,FL019,task_completed,,,CLEAN,
578.7,FL019,task_completed,,,CATERING,
588.3,FL017,task_completed,,,BAGGAGE_IN,
588.3,FL017,task_completed,,,GPU,
588.3,FL017,gate_end,c7,,,40.299999999999955
589.5,FL018,task_completed,,,BAGGAGE_IN,
589.5,FL018,task_completed,,,GPU,
589.5,FL018,gate_end,c4,,,40.5
593.7,FL019,task_completed,,,BAGGAGE_IN,
593.7,FL019,task_completed,,,GPU,
593.7,FL019,gate_end,c11,,,40.700000000000045
599.0,FL020,gate_queued,c10,,,
599.0,FL020,gate_start,c10,0.0,,
609.6,FL020,task_completed,,,WATER,
614.6,FL020,task_completed,,,FUEL,
619.6,FL020,task_completed,,,BAGGAGE_OUT,
624.6,FL020,task_completed,,,CLEAN,
624.6,FL020,task_completed,,,CATERING,
633.0,FL021,gate_queued,c5,,,
633.0,FL021,gate_start,c5,0.0,,
639.0,FL022,gate_queued,c8,,,
639.0,FL022,gate_start,c8,0.0,,
639.6,FL020,task_completed,,,BAGGAGE_IN,
639.6,FL020,task_completed,,,GPU,
639.6,FL020,gate_end,c10,,,40.60000000000002
643.3,FL021,task_completed,,,WATER,
647.0,FL023,gate_queued,c4,,,
647.0,FL023,gate_start,c4,0.0,,
648.3,FL021,task_completed,,,FUEL,
649.4,FL022,task_completed,,,WATER,
653.3,FL021,task_completed,,,BAGGAGE_OUT,
654.4,FL022,task_completed,,,FUEL,
655.0,FL024,gate_queued,c9,,,
655.0,FL024,gate_start,c9,0.0,,
656.0,FL025,gate_queued,c11,,,
656.0,FL025,gate_start,c11,0.0,,
657.5,FL023,task_completed,,,WATER,
658.3,FL021,task_completed,,,CLEAN,
658.3,FL021,task_completed,,,CATERING,
659.4,FL022,task_completed,,,BAGGAGE_OUT,
662.5,FL023,task_completed,,,FUEL,
664.4,FL022,task_completed,,,CLEAN,
664.4,FL022,task_completed,,,CATERING,
665.5,FL024,task_completed,,,WATER,
666.7,FL025,task_completed,,,WATER,
667.5,FL023,task_completed,,,BAGGAGE_OUT,
670.5,FL024,task_completed,,,FUEL,
671.7,FL025,task_completed,,,FUEL,
672.5,FL023,task_completed,,,CLEAN,
672.5,FL023,task_completed,,,CATERING,
673.3,FL021,task_completed,,,BAGGAGE_IN,
673.3,FL021,task_completed,,,GPU,
673.3,FL021,gate_end,c5,,,40.299999999999955
675.5,FL024,task_completed,,,BAGGAGE_OUT,
676.7,FL025,task_completed,,,BAGGAGE_OUT,
679.4,FL022,task_completed,,,BAGGAGE_IN,
679.4,FL022,task_completed,,,GPU,
679.4,FL022,gate_end,c8,,,40.39999999999998
680.5,FL024,task_completed,,,CLEAN,
680.5,FL024,task_completed,,,CATERING,
681.7,FL025,task_completed,,,CLEAN,
681.7,FL025,task_completed,,,CATERING,
687.5,FL023,task_completed,,,BAGGAGE_IN,
687.5,FL023,task_completed,,,GPU,
687.5,FL023,gate_end,c4,,,40.5
695.0,FL026,gate_queued,c11,,,
695.5,FL024,task_completed,,,BAGGAGE_IN,
695.5,FL024,task_completed,,,GPU,
695.5,FL024,gate_end,c9,,,40.5
696.7,FL025,task_completed,,,BAGGAGE_IN,
696.7,FL025,task_completed,,,GPU,
696.7,FL025,gate_end,c11,,,40.700000000000045
696.7,FL026,gate_start,c11,1.7000000000000455,,
706.0,FL027,gate_queued,c4,,,
706.0,FL027,gate_start,c4,0.0,,
707.4000000000001,FL026,task_completed,,,WATER,
708.0,FL028,gate_queued,c5,,,
708.0,FL028,gate_start,c5,0.0,,
712.4000000000001,FL026,task_completed,,,FUEL,
716.5,FL027,task_completed,,,WATER,
717.4000000000001,FL026,task_completed,,,BAGGAGE_OUT,
718.3,FL028,task_completed,,,WATER,
721.5,FL027,task_completed,,,FUEL,
722.4000000000001,FL026,task_completed,,,CLEAN,
722.4000000000001,FL026,task_completed,,,CATERING,
723.3,FL028,task_completed,,,FUEL,
726.0,FL029,gate_queued,c8,,,
726.0,FL029,gate_start,c8,0.0,,
726.5,FL027,task_completed,,,BAGGAGE_OUT,
728.3,FL028,task_completed,,,BAGGAGE_OUT,
731.5,FL027,task_completed,,,CLEAN,
731.5,FL027,task_completed,,,CATERING,
733.3,FL028,task_completed,,,CLEAN,
733.3,FL028,task_completed,,,CATERING,
736.4,FL029,task_completed,,,WATER,
737.4000000000001,FL026,task_completed,,,BAGGAGE_IN,
737.4000000000001,FL026,task_completed,,,GPU,
737.4000000000001,FL026,gate_end,c11,,,40.700000000000045
741.4,FL029,task_completed,,,FUEL,
746.4,FL029,task_completed,,,BAGGAGE_OUT,
746.5,FL027,task_completed,,,BAGGAGE_IN,
746.5,FL027,task_completed,,,GPU,
746.5,FL027,gate_end,c4,,,40.5
748.3,FL028,task_completed,,,BAGGAGE_IN,
748.3,FL028,task_completed,,,GPU,
748.3,FL028,gate_end,c5,,,40.299999999999955
751.4,FL029,task_completed,,,CLEAN,
751.4,FL029,task_completed,,,CATERING,
766.4,FL029,task_completed,,,BAGGAGE_IN,
766.4,FL029,task_completed,,,GPU,
766.4,FL029,gate_end,c8,,,40.39999999999998
769.0,FL030,gate_queued,c9,,,
769.0,FL030,gate_start,c9,0.0,,
772.0,FL031,gate_queued,c8,,,
772.0,FL032,gate_queued,c4,,,
772.0,FL031,gate_start,c8,0.0,,
772.0,FL032,gate_start,c4,0.0,,
779.5,FL030,task_completed,,,WATER,
782.4,FL031,task_completed,,,WATER,
782.5,FL032,task_completed,,,WATER,
784.5,FL030,task_completed,,,FUEL,
786.0,FL033,gate_queued,c3,,,
786.0,FL033,gate_start,c3,0.0,,
787.4,FL031,task_completed,,,FUEL,
787.5,FL032,task_completed,,,FUEL,
789.5,FL030,task_completed,,,BAGGAGE_OUT,
792.4,FL031,task_completed,,,BAGGAGE_OUT,
792.5,FL032,task_completed,,,BAGGAGE_OUT,
794.5,FL030,task_completed,,,CLEAN,
794.5,FL030,task_completed,,,CATERING,
796.5,FL033,task_completed,,,WATER,
797.4,FL031,task_completed,,,CLEAN,
797.4,FL031,task_completed,,,CATERING,
797.5,FL032,task_completed,,,CLEAN,
797.5,FL032,task_completed,,,CATERING,
801.5,FL033,task_completed,,,FUEL,
806.5,FL033,task_completed,,,BAGGAGE_OUT,
809.5,FL030,task_completed,,,BAGGAGE_IN,
809.5,FL030,task_completed,,,GPU,
809.5,FL030,gate_end,c9,,,40.5
811.5,FL033,task_completed,,,CLEAN,
811.5,FL033,task_completed,,,CATERING,
812.4,FL031,task_completed,,,BAGGAGE_IN,
812.4,FL031,task_completed,,,GPU,
812.4,FL031,gate_end,c8,,,40.39999999999998
812.5,FL032,task_completed,,,BAGGAGE_IN,
812.5,FL032,task_completed,,,GPU,
812.5,FL032,gate_end,c4,,,40.5
817.0,FL034,gate_queued,c5,,,
817.0,FL034,gate_start,c5,0.0,,
826.5,FL033,task_completed,,,BAGGAGE_IN,
826.5,FL033,task_completed,,,GPU,
826.5,FL033,gate_end,c3,,,40.5
827.3,FL034,task_completed,,,WATER,
832.3,FL034,task_completed,,,FUEL,
834.0,FL035,gate_queued,c11,,,
834.0,FL035,gate_start,c11,0.0,,
837.3,FL034,task_completed,,,BAGGAGE_OUT,
842.3,FL034,task_completed,,,CLEAN,
842.3,FL034,task_completed,,,CATERING,
844.7,FL035,task_completed,,,WATER,
848.0,FL036,gate_queued,c3,,,
848.0,FL036,gate_start,c3,0.0,,
849.7,FL035,task_completed,,,FUEL,
851.0,FL037,gate_queued,c9,,,
851.0,FL037,gate_start,c9,0.0,,
853.0,FL038,gate_queued,c4,,,
853.0,FL038,gate_start,c4,0.0,,
854.7,FL035,task_completed,,,BAGGAGE_OUT,
857.3,FL034,task_completed,,,BAGGAGE_IN,
857.3,FL034,task_completed,,,GPU,
857.3,FL034,gate_end,c5,,,40.299999999999955
858.5,FL036,task_completed,,,WATER,
859.7,FL035,task_completed,,,CLEAN,
859.7,FL035,task_completed,,,CATERING,
861.5,FL037,task_completed,,,WATER,
863.5,FL036,task_completed,,,FUEL,
863.5,FL038,task_completed,,,WATER,
866.5,FL037,task_completed,,,FUEL,
868.5,FL036,task_completed,,,BAGGAGE_OUT,
868.5,FL038,task_completed,,,FUEL,
871.5,FL037,task_completed,,,BAGGAGE_OUT,
873.5,FL036,task_completed,,,CLEAN,
873.5,FL036,task_completed,,,CATERING,
873.5,FL038,task_completed,,,BAGGAGE_OUT,
874.7,FL035,task_completed,,,BAGGAGE_IN,
874.7,FL035,task_completed,,,GPU,
874.7,FL035,gate_end,c11,,,40.700000000000045
876.5,FL037,task_completed,,,CLEAN,
876.5,FL037,task_completed,,,CATERING,
877.0,FL039,gate_queued,c8,,,
877.0,FL039,gate_start,c8,0.0,,
878.5,FL038,task_completed,,,CLEAN,
878.5,FL038,task_completed,,,CATERING,
881.0,FL040,gate_queued,c5,,,
881.0,FL040,gate_start,c5,0.0,,
887.4,FL039,task_completed,,,WATER,
888.5,FL036,task_completed,,,BAGGAGE_IN,
888.5,FL036,task_completed,,,GPU,
888.5,FL036,gate_end,c3,,,40.5
891.3,FL040,task_completed,,,WATER,
891.5,FL037,task_completed,,,BAGGAGE_IN,
891.5,FL037,task_completed,,,GPU,
891.5,FL037,gate_end,c9,,,40.5
892.4,FL039,task_completed,,,FUEL,
893.5,FL038,task_completed,,,BAGGAGE_IN,
893.5,FL038,task_completed,,,GPU,
893.5,FL038,gate_end,c4,,,40.5
896.3,FL040,task_completed,,,FUEL,
897.4,FL039,task_completed,,,BAGGAGE_OUT,
899.0,FL041,gate_queued,c3,,,
899.0,FL041,gate_start,c3,0.0,,
901.3,FL040,task_completed,,,BAGGAGE_OUT,
902.4,FL039,task_completed,,,CLEAN,
902.4,FL039,task_completed,,,CATERING,
906.3,FL040,task_completed,,,CLEAN,
906.3,FL040,task_completed,,,CATERING,
909.5,FL041,task_completed,,,WATER,
914.5,FL041,task_completed,,,FUEL,
915.0,FL042,gate_queued,c11,,,
915.0,FL042,gate_start,c11,0.0,,
917.4,FL039,task_completed,,,BAGGAGE_IN,
917.4,FL039,task_completed,,,GPU,
917.4,FL039,gate_end,c8,,,40.39999999999998
919.5,FL041,task_completed,,,BAGGAGE_OUT,
921.3,FL040,task_completed,,,BAGGAGE_IN,
921.3,FL040,task_completed,,,GPU,
921.3,FL040,gate_end,c5,,,40.299999999999955
924.5,FL041,task_completed,,,CLEAN,
924.5,FL041,task_completed,,,CATERING,
925.7,FL042,task_completed,,,WATER,
929.0,FL043,gate_queued,c8,,,
929.0,FL043,gate_start,c8,0.0,,
930.7,FL042,task_completed,,,FUEL,
935.0,FL044,gate_queued,c4,,,
935.0,FL044,gate_start,c4,0.0,,
935.7,FL042,task_completed,,,BAGGAGE_OUT,
939.4,FL043,task_completed,,,WATER,
939.5,FL041,task_completed,,,BAGGAGE_IN,
939.5,FL041,task_completed,,,GPU,
939.5,FL041,gate_end,c3,,,40.5
940.7,FL042,task_completed,,,CLEAN,
940.7,FL042,task_completed,,,CATERING,
943.0,FL045,gate_queued,c9,,,
943.0,FL045,gate_start,c9,0.0,,
944.4,FL043,task_completed,,,FUEL,
945.5,FL044,task_completed,,,WATER,
949.4,FL043,task_completed,,,BAGGAGE_OUT,
950.5,FL044,task_completed,,,FUEL,
953.5,FL045,task_completed,,,WATER,
954.4,FL043,task_completed,,,CLEAN,
954.4,FL043,task_completed,,,CATERING,
955.5,FL044,task_completed,,,BAGGAGE_OUT,
955.7,FL042,task_completed,,,BAGGAGE_IN,
955.7,FL042,task_completed,,,GPU,
955.7,FL042,gate_end,c11,,,40.700000000000045
958.5,FL045,task_completed,,,FUEL,
960.5,FL044,task_completed,,,CLEAN,
960.5,FL044,task_completed,,,CATERING,
963.5,FL045,task_completed,,,BAGGAGE_OUT,
968.5,FL045,task_completed,,,CLEAN,
968.5,FL045,task_completed,,,CATERING,
969.4,FL043,task_completed,,,BAGGAGE_IN,
969.4,FL043,task_completed,,,GPU,
969.4,FL043,gate_end,c8,,,40.39999999999998
972.0,FL046,gate_queued,c11,,,
972.0,FL046,gate_start,c11,0.0,,
975.5,FL044,task_completed,,,BAGGAGE_IN,
975.5,FL044,task_completed,,,GPU,
975.5,FL044,gate_end,c4,,,40.5
979.0,FL047,gate_queued,c8,,,
979.0,FL047,gate_start,c8,0.0,,
982.7,FL046,task_completed,,,WATER,
983.5,FL045,task_completed,,,BAGGAGE_IN,
983.5,FL045,task_completed,,,GPU,
983.5,FL045,gate_end,c9,,,40.5
985.0,FL048,gate_queued,c9,,,
985.0,FL048,gate_start,c9,0.0,,
987.7,FL046,task_completed,,,FUEL,
989.4,FL047,task_completed,,,WATER,
992.7,FL046,task_completed,,,BAGGAGE_OUT,
994.4,FL047,task_completed,,,FUEL,
995.5,FL048,task_completed,,,WATER,
997.0,FL049,gate_queued,c4,,,
997.0,FL049,gate_start,c4,0.0,,
997.7,FL046,task_completed,,,CLEAN,
997.7,FL046,task_completed,,,CATERING,
999.4,FL047,task_completed,,,BAGGAGE_OUT,
1000.5,FL048,task_completed,,,FUEL,
1004.4,FL047,task_completed,,,CLEAN,
1004.4,FL047,task_completed,,,CATERING,
1005.5,FL048,task_completed,,,BAGGAGE_OUT,
1007.0,FL050,gate_queued,c3,,,
1007.0,FL050,gate_start,c3,0.0,,
1007.5,FL049,task_completed,,,WATER,
1010.5,FL048,task_completed,,,CLEAN,
1010.5,FL048,task_completed,,,CATERING,
1012.5,FL049,task_completed,,,FUEL,
1012.7,FL046,task_completed,,,BAGGAGE_IN,
1012.7,FL046,task_completed,,,GPU,
1012.7,FL046,gate_end,c11,,,40.700000000000045
1017.5,FL049,task_completed,,,BAGGAGE_OUT,
1019.4,FL047,task_completed,,,BAGGAGE_IN,
1019.4,FL047,task_completed,,,GPU,
1019.4,FL047,gate_end,c8,,,40.39999999999998
1022.5,FL049,task_completed,,,CLEAN,
1022.5,FL049,task_completed,,,CATERING,
1023.9000000000015,FL050,task_completed,,,WATER,
1024.0,FL051,gate_queued,c11,,,
1024.0,FL051,gate_start,c11,0.0,,
1025.5,FL048,task_completed,,,BAGGAGE_IN,
1025.5,FL048,task_completed,,,GPU,
1025.5,FL048,gate_end,c9,,,40.5
1028.9000000000015,FL050,task_completed,,,FUEL,
1033.9000000000015,FL050,task_completed,,,BAGGAGE_OUT,
1034.7,FL051,task_completed,,,WATER,
1037.5,FL049,task_completed,,,BAGGAGE_IN,
1037.5,FL049,task_completed,,,GPU,
1037.5,FL049,gate_end,c4,,,40.5
1038.9000000000015,FL050,task_completed,,,CLEAN,
1038.9000000000015,FL050,task_completed,,,CATERING,
1039.0,FL052,gate_queued,c9,,,
1039.0,FL052,gate_start,c9,0.0,,
1039.7,FL051,task_completed,,,FUEL,
1044.7,FL051,task_completed,,,BAGGAGE_OUT,
1049.5,FL052,task_completed,,,WATER,
1049.7,FL051,task_completed,,,CLEAN,
1049.7,FL051,task_completed,,,CATERING,
1053.9000000000015,FL050,task_completed,,,BAGGAGE_IN,
1053.9000000000015,FL050,task_completed,,,GPU,
1053.9000000000015,FL050,gate_end,c3,,,46.900000000001455
1054.5,FL052,task_completed,,,FUEL,
1059.5,FL052,task_completed,,,BAGGAGE_OUT,
1064.5,FL052,task_completed,,,CLEAN,
1064.5,FL052,task_completed,,,CATERING,
1064.7,FL051,task_completed,,,BAGGAGE_IN,
1064.7,FL051,task_completed,,,GPU,
1064.7,FL051,gate_end,c11,,,40.700000000000045
1079.5,FL052,task_completed,,,BAGGAGE_IN,
1079.5,FL052,task_completed,,,GPU,
1079.5,FL052,gate_end,c9,,,40.5
1095.0,FL053,gate_queued,c8,,,
1095.0,FL053,gate_start,c8,0.0,,
1100.0,FL054,gate_queued,c6,,,
1100.0,FL054,gate_start,c6,0.0,,
1105.4,FL053,task_completed,,,WATER,
1106.0,FL055,gate_queued,c3,,,
1106.0,FL055,gate_start,c3,0.0,,
1110.3,FL054,task_completed,,,WATER,
1110.4,FL053,task_completed,,,FUEL,
1115.3,FL054,task_completed,,,FUEL,
1115.4,FL053,task_completed,,,BAGGAGE_OUT,
1116.5,FL055,task_completed,,,WATER,
1120.3,FL054,task_completed,,,BAGGAGE_OUT,
1120.4,FL053,task_completed,,,CLEAN,
1120.4,FL053,task_completed,,,CATERING,
1121.5,FL055,task_completed,,,FUEL,
1125.3,FL054,task_completed,,,CLEAN,
1125.3,FL054,task_completed,,,CATERING,
1126.0,FL056,gate_queued,c9,,,
1126.0,FL056,gate_start,c9,0.0,,
1126.5,FL055,task_completed,,,BAGGAGE_OUT,
1127.0,FL057,gate_queued,c4,,,
1127.0,FL057,gate_start,c4,0.0,,
1131.5,FL055,task_completed,,,CLEAN,
1131.5,FL055,task_completed,,,CATERING,
1135.4,FL053,task_completed,,,BAGGAGE_IN,
1135.4,FL053,task_completed,,,GPU,
1135.4,FL053,gate_end,c8,,,40.40000000000009
1140.3,FL054,task_completed,,,BAGGAGE_IN,
1140.3,FL054,task_completed,,,GPU,
1140.3,FL054,gate_end,c6,,,40.299999999999955
1146.399999999991,FL056,task_completed,,,WATER,
1146.5,FL055,task_completed,,,BAGGAGE_IN,
1146.5,FL055,task_completed,,,GPU,
1146.5,FL055,gate_end,c3,,,40.5
1151.0,FL058,gate_queued,c8,,,
1151.0,FL058,gate_start,c8,0.0,,
1151.399999999991,FL056,task_completed,,,FUEL,
1156.399999999991,FL056,task_completed,,,BAGGAGE_OUT,
1157.5999999999817,FL057,task_completed,,,WATER,
1161.399999999991,FL056,task_completed,,,CLEAN,
1161.399999999991,FL056,task_completed,,,CATERING,
1162.5999999999817,FL057,task_completed,,,FUEL,
1167.5999999999817,FL057,task_completed,,,BAGGAGE_OUT,
1172.5999999999817,FL057,task_completed,,,CLEAN,
1172.5999999999817,FL057,task_completed,,,CATERING,
1176.399999999991,FL056,task_completed,,,BAGGAGE_IN,
1176.399999999991,FL056,task_completed,,,GPU,
1176.399999999991,FL056,gate_end,c9,,,50.399999999990996
1187.0,FL059,gate_queued,c9,,,
1187.0,FL059,gate_start,c9,0.0,,
1187.3999999999764,FL058,task_completed,,,WATER,
1187.5999999999817,FL057,task_completed,,,BAGGAGE_IN,
1187.5999999999817,FL057,task_completed,,,GPU,
1187.5999999999817,FL057,gate_end,c4,,,60.59999999998172
1192.3999999999764,FL058,task_completed,,,FUEL,
1196.0,FL060,gate_queued,c11,,,
1196.0,FL060,gate_start,c11,0.0,,
1197.3999999999764,FL058,task_completed,,,BAGGAGE_OUT,
1200.699999999997,FL059,task_completed,,,WATER,
1201.0,FL061,gate_queued,c8,,,
1202.3999999999764,FL058,task_completed,,,CLEAN,
1202.3999999999764,FL058,task_completed,,,CATERING,
1205.699999999997,FL059,task_completed,,,FUEL,
1210.699999999997,FL059,task_completed,,,BAGGAGE_OUT,
1212.0,FL062,gate_queued,c4,,,
1212.0,FL062,gate_start,c4,0.0,,
1215.699999999997,FL059,task_completed,,,CLEAN,
1215.699999999997,FL059,task_completed,,,CATERING,
1217.3999999999764,FL058,task_completed,,,BAGGAGE_IN,
1217.3999999999764,FL058,task_completed,,,GPU,
1217.3999999999764,FL058,gate_end,c8,,,66.39999999997644
1217.3999999999764,FL061,gate_start,c8,16.399999999976444,,
1230.699999999997,FL059,task_completed,,,BAGGAGE_IN,
1230.699999999997,FL059,task_completed,,,GPU,
1230.699999999997,FL059,gate_end,c9,,,43.69999999999709
1251.699999999964,FL061,task_completed,,,BAGGAGE_OUT,
1254.0,FL063,gate_queued,c8,,,
1256.699999999964,FL061,task_completed,,,CLEAN,
1256.699999999964,FL061,task_completed,,,CATERING,
1270.0,FL064,gate_queued,c9,,,
1270.0,FL064,gate_start,c9,0.0,,
1272.5999999999449,FL061,task_completed,,,BAGGAGE_IN,
1273.0,FL065,gate_queued,c7,,,
1273.0,FL065,gate_start,c7,0.0,,
1287.0,FL066,gate_queued,c10,,,
1287.0,FL066,gate_start,c10,0.0,,
1299.0,FL067,gate_queued,c11,,,
1321.0,FL068,gate_queued,c9,,,
1331.4999999998865,FL060,task_completed,,,WATER,
1336.4999999998865,FL060,task_completed,,,FUEL,
1341.4999999998865,FL060,task_completed,,,BAGGAGE_OUT,
1343.0,FL069,gate_queued,c10,,,
1346.4999999998865,FL060,task_completed,,,CLEAN,
1346.4999999998865,FL060,task_completed,,,CATERING,
1361.4999999998865,FL060,task_completed,,,BAGGAGE_IN,
1361.4999999998865,FL060,task_completed,,,GPU,
1361.4999999998865,FL060,gate_end,c11,,,165.49999999988654
1361.4999999998865,FL067,gate_start,c11,62.49999999988654,,
1366.0,FL070,gate_queued,c6,,,
1366.0,FL070,gate_start,c6,0.0,,
1369.0,FL071,gate_queued,c7,,,
1372.6999999999161,FL064,task_completed,,,WATER,
1377.6999999999161,FL064,task_completed,,,FUEL,
1379.0,FL072,gate_queued,c11,,,
1382.6999999999161,FL064,task_completed,,,BAGGAGE_OUT,
1387.6999999999161,FL064,task_completed,,,CLEAN,
1387.6999999999161,FL064,task_completed,,,CATERING,
1402.6999999999161,FL064,task_completed,,,BAGGAGE_IN,
1402.6999999999161,FL064,task_completed,,,GPU,
1402.6999999999161,FL064,gate_end,c9,,,132.69999999991614
1402.6999999999161,FL068,gate_start,c9,81.69999999991614,,
1404.0,FL073,gate_queued,c9,,,
1423.4999999999661,FL070,task_completed,,,BAGGAGE_OUT,
1428.4999999999661,FL070,task_completed,,,CATERING,
1521.599999999728,FL062,task_completed,,,WATER,
1526.599999999728,FL062,task_completed,,,FUEL,
1531.599999999728,FL062,task_completed,,,BAGGAGE_OUT,
1536.599999999728,FL062,task_completed,,,CLEAN,
1536.599999999728,FL062,task_completed,,,CATERING,
1551.599999999728,FL062,task_completed,,,BAGGAGE_IN,
1551.599999999728,FL062,task_completed,,,GPU,
1551.599999999728,FL062,gate_end,c4,,,339.59999999972797
1572.3999999997461,FL065,task_completed,,,BAGGAGE_OUT,
1577.3999999997461,FL065,task_completed,,,CLEAN,
1577.3999999997461,FL065,task_completed,,,CATERING,
1592.3999999997461,FL065,task_completed,,,BAGGAGE_IN,
1602.9999999998074,FL070,task_completed,,,CLEAN,
1638.5999999996075,FL061,task_completed,,,FUEL,
1654.299999999667,FL065,task_completed,,,FUEL,
1661.599999999582,FL061,task_completed,,,WATER,
1661.599999999582,FL061,task_completed,,,GPU,
1661.599999999582,FL061,gate_end,c8,,,444.19999999960555
1661.599999999582,FL063,gate_start,c8,407.599999999582,,
1672.2999999996462,FL065,task_completed,,,WATER,
1672.2999999996462,FL065,task_completed,,,GPU,
1672.2999999996462,FL065,gate_end,c7,,,399.29999999964616
1672.2999999996462,FL071,gate_start,c7,303.29999999964616,,
1683.1999999996492,FL066,task_completed,,,WATER,
1688.1999999996492,FL066,task_completed,,,FUEL,
1693.1999999996492,FL066,task_completed,,,BAGGAGE_OUT,
1693.699999999576,FL063,task_completed,,,CLEAN,
1693.699999999576,FL063,task_completed,,,CATERING,
1698.1999999996492,FL066,task_completed,,,CLEAN,
1698.1999999996492,FL066,task_completed,,,CATERING,
1704.0999999997064,FL070,task_completed,,,FUEL,
1719.899999999543,FL063,task_completed,,,FUEL,
1778.2999999994945,FL063,task_completed,,,BAGGAGE_OUT,
1804.4999999994934,FL067,task_completed,,,WATER,
1809.4999999994934,FL067,task_completed,,,FUEL,
1814.4999999994934,FL067,task_completed,,,BAGGAGE_OUT,
1819.4999999994934,FL067,task_completed,,,CLEAN,
1819.4999999994934,FL067,task_completed,,,CATERING,
1834.4999999994934,FL067,task_completed,,,BAGGAGE_IN,
1834.4999999994934,FL067,task_completed,,,GPU,
1834.4999999994934,FL067,gate_end,c11,,,472.99999999960687
1834.4999999994934,FL072,gate_start,c11,455.4999999994934,,
1845.499999999498,FL071,task_completed,,,WATER,
1850.499999999498,FL071,task_completed,,,FUEL,
1855.499999999498,FL071,task_completed,,,BAGGAGE_OUT,
1856.0999999995636,FL070,task_completed,,,WATER,
1860.499999999498,FL071,task_completed,,,CATERING,
1860.499999999498,FL071,task_completed,,,CLEAN,
1866.8999999994048,FL063,task_completed,,,WATER,
1875.499999999498,FL071,task_completed,,,BAGGAGE_IN,
1875.499999999498,FL071,task_completed,,,GPU,
1875.499999999498,FL071,gate_end,c7,,,203.1999999998518
1876.0999999995545,FL070,task_completed,,,BAGGAGE_IN,
1876.0999999995545,FL070,task_completed,,,GPU,
1876.0999999995545,FL070,gate_end,c6,,,510.0999999995545
1877.2999999994688,FL072,task_completed,,,FUEL,
1877.9999999994636,FL072,task_completed,,,WATER,
1886.3999999994858,FL068,task_completed,,,WATER,
1887.2999999994688,FL072,task_completed,,,CLEAN,
1887.2999999994688,FL072,task_completed,,,CATERING,
1891.3999999994858,FL068,task_completed,,,FUEL,
1896.2999999993872,FL063,task_completed,,,BAGGAGE_IN,
1896.2999999993872,FL063,task_completed,,,GPU,
1896.2999999993872,FL063,gate_end,c8,,,234.6999999998052
1896.3999999994858,FL068,task_completed,,,BAGGAGE_OUT,
1897.1999999994553,FL072,task_completed,,,BAGGAGE_OUT,
1901.3999999994858,FL068,task_completed,,,CATERING,
1901.3999999994858,FL068,task_completed,,,CLEAN,
1916.3999999994858,FL068,task_completed,,,BAGGAGE_IN,
1916.3999999994858,FL068,task_completed,,,GPU,
1916.3999999994858,FL068,gate_end,c9,,,513.6999999995696
1916.3999999994858,FL073,gate_start,c9,512.3999999994858,,
1917.399999999437,FL072,task_completed,,,BAGGAGE_IN,
1917.399999999437,FL072,task_completed,,,GPU,
1917.399999999437,FL072,gate_end,c11,,,82.89999999994347
1917.5999999994451,FL066,task_completed,,,BAGGAGE_IN,
1917.5999999994451,FL066,task_completed,,,GPU,
1917.5999999994451,FL066,gate_end,c10,,,630.5999999994451
1917.5999999994451,FL069,gate_start,c10,574.5999999994451,,
1927.4999999994852,FL073,task_completed,,,WATER,
1928.6999999994446,FL069,task_completed,,,WATER,
1932.4999999994852,FL073,task_completed,,,FUEL,
1933.6999999994446,FL069,task_completed,,,FUEL,
1937.4999999994852,FL073,task_completed,,,BAGGAGE_OUT,
1938.6999999994446,FL069,task_completed,,,BAGGAGE_OUT,
1942.4999999994852,FL073,task_completed,,,CLEAN,
1942.4999999994852,FL073,task_completed,,,CATERING,
1943.6999999994446,FL069,task_completed,,,CLEAN,
1943.6999999994446,FL069,task_completed,,,CATERING,
1957.4999999994852,FL073,task_completed,,,BAGGAGE_IN,
1957.4999999994852,FL073,task_completed,,,GPU,
1957.4999999994852,FL073,gate_end,c9,,,41.099999999999454
1958.6999999994446,FL069,task_completed,,,BAGGAGE_IN,
1958.6999999994446,FL069,task_completed,,,GPU,
1958.6999999994446,FL069,gate_end,c10,,,41.099999999999454
